timestamp,风温,炉压,透气性,data_type,instruction
2026-07-09 15:29:11,1048.11,302.36,0.989,realtime,
2026-07-09 15:29:12,1072.77,323.85,1.086,realtime,
2026-07-09 15:29:13,1093.4,332.6,1.136,realtime,
2026-07-09 15:29:14,1115.79,349.07,1.281,realtime,
2026-07-09 15:29:15,1115.69,360.22,1.275,realtime,
2026-07-09 15:29:16,1125.67,362.68,1.332,realtime,
2026-07-09 15:29:17,1117.15,356.4,1.344,realtime,炉压持续偏高，建议适当下调风压操作
2026-07-09 15:29:18,1109.79,347.23,1.226,realtime,
2026-07-09 15:29:19,1102.56,336.42,1.126,realtime,
2026-07-09 15:29:20,1083.11,316.02,1.092,realtime,
2026-07-09 15:29:21,1047.15,301.29,1.047,realtime,
2026-07-09 15:29:22,1025.66,281.39,0.914,realtime,
2026-07-09 15:29:23,996.94,261.89,0.834,realtime,
2026-07-09 15:29:24,981.63,252.91,0.811,realtime,
2026-07-09 15:29:25,971.47,242.43,0.696,realtime,风温偏低，建议检查热风炉并提高燃烧强度
2026-07-09 15:29:26,960.23,235.61,0.707,realtime,风温偏低，建议检查热风炉并提高燃烧强度
2026-07-09 15:29:27,971.6,247.31,0.785,realtime,风温偏低，建议检查热风炉并提高燃烧强度
2026-07-09 15:29:28,981.19,250.26,0.752,realtime,
2026-07-09 15:29:29,1011.01,270.44,0.787,realtime,
2026-07-09 15:29:30,1021.78,281.56,0.903,realtime,
2026-07-09 15:29:31,1064.19,304.15,1.02,realtime,
2026-07-09 15:29:32,1072.19,322.18,1.055,realtime,
2026-07-09 15:29:33,1099.35,336.82,1.161,realtime,
2026-07-09 15:29:34,1119.83,344.48,1.239,realtime,
2026-07-09 15:29:35,1127.59,354.68,1.285,realtime,
2026-07-09 15:29:36,1125.08,360.04,1.335,realtime,
2026-07-09 15:29:37,1122.33,354.94,1.259,realtime,炉压持续偏高，建议适当下调风压操作
2026-07-09 15:29:38,1116.51,348.21,1.231,realtime,
2026-07-09 15:29:39,1096.02,335.83,1.169,realtime,
2026-07-09 15:29:40,1074.93,314.25,1.082,realtime,
2026-07-09 15:29:41,1039.77,298.31,1.011,realtime,
2026-07-09 15:29:42,1021.42,281.01,0.895,realtime,
2026-07-09 15:29:43,1003.51,264.32,0.8,realtime,
2026-07-09 15:29:44,995.85,244.25,0.757,realtime,
2026-07-09 15:29:45,976.4,239.26,0.696,realtime,风温偏低，建议检查热风炉并提高燃烧强度
2026-07-09 15:29:46,964.99,238.65,0.707,realtime,风温偏低，建议检查热风炉并提高燃烧强度
2026-07-09 15:29:47,962.57,240.03,0.712,realtime,风温偏低，建议检查热风炉并提高燃烧强度
2026-07-09 15:29:48,981.11,258.01,0.737,realtime,
2026-07-09 15:29:49,1006.92,272.7,0.882,realtime,
2026-07-09 15:29:50,1012.09,283.68,0.87,realtime,
2026-07-09 15:29:51,1054.05,303.92,1.058,realtime,
2026-07-09 15:29:52,1074.59,324.63,1.085,realtime,
2026-07-09 15:29:53,1105.91,339.55,1.128,realtime,
2026-07-09 15:29:54,1119.09,351.29,1.271,realtime,
2026-07-09 15:29:55,1130.82,356.45,1.291,realtime,
2026-07-09 15:29:56,1124.04,360.46,1.259,realtime,炉压持续偏高，建议适当下调风压操作
2026-07-09 15:29:57,1126.69,355.83,1.281,realtime,炉压持续偏高，建议适当下调风压操作
2026-07-09 15:29:58,1110.69,342.69,1.19,realtime,
2026-07-09 15:29:59,1092.82,332.99,1.166,realtime,
2026-07-09 15:30:00,1065.07,323.03,1.12,realtime,
2026-07-09 15:30:01,1040.34,297.38,0.899,realtime,
2026-07-09 15:30:02,1019.85,281.57,0.91,realtime,
2026-07-09 15:30:03,1002.06,263.76,0.819,realtime,
2026-07-09 15:30:04,976.94,246.83,0.706,realtime,风温偏低，建议检查热风炉并提高燃烧强度
2026-07-09 15:30:05,971.09,238.4,0.698,realtime,风温偏低，建议检查热风炉并提高燃烧强度
2026-07-09 15:30:06,964.71,237.23,0.725,realtime,风温偏低，建议检查热风炉并提高燃烧强度
2026-07-09 15:30:07,976.78,248.28,0.698,realtime,风温偏低，建议检查热风炉并提高燃烧强度
2026-07-09 15:30:08,985.54,254.08,0.683,realtime,
2026-07-09 15:30:09,1005.66,270.3,0.866,realtime,
2026-07-09 15:30:10,1035.82,284.92,0.924,realtime,
2026-07-09 15:30:11,1054.01,304.61,1.061,realtime,
2026-07-09 15:30:12,1079.93,320.27,1.1,realtime,
2026-07-09 15:30:13,1105.07,335.78,1.212,realtime,
2026-07-09 15:30:14,1123.97,347.66,1.22,realtime,
2026-07-09 15:30:15,1136.3,361.57,1.238,realtime,
2026-07-09 15:30:16,1125.39,358.22,1.296,realtime,
2026-07-09 15:30:17,1122.88,356.36,1.256,realtime,炉压持续偏高，建议适当下调风压操作
2026-07-09 15:30:18,1103.79,347.26,1.217,realtime,
2026-07-09 15:30:19,1100.98,334.0,1.115,realtime,
2026-07-09 15:30:20,1070.27,311.94,1.036,realtime,
2026-07-09 15:30:21,1040.92,293.96,1.006,realtime,
2026-07-09 15:30:22,1013.31,286.72,0.929,realtime,
2026-07-09 15:30:23,993.66,259.8,0.76,realtime,
2026-07-09 15:30:24,985.59,243.02,0.753,realtime,
2026-07-09 15:30:25,972.74,240.29,0.705,realtime,风温偏低，建议检查热风炉并提高燃烧强度
2026-07-09 15:30:26,970.16,238.83,0.683,realtime,风温偏低，建议检查热风炉并提高燃烧强度
2026-07-09 15:30:27,985.64,249.03,0.755,realtime,
2026-07-09 15:30:28,994.3,257.41,0.804,realtime,
2026-07-09 15:30:29,1021.85,263.28,0.863,realtime,
2026-07-09 15:30:30,1034.31,277.56,0.912,realtime,
2026-07-09 15:30:31,1051.33,302.73,1.017,realtime,
2026-07-09 15:30:32,1082.4,321.78,1.131,realtime,
2026-07-09 15:30:33,1097.63,338.22,1.162,realtime,
2026-07-09 15:30:34,1119.46,354.75,1.246,realtime,
2026-07-09 15:30:35,1122.78,358.6,1.236,realtime,
2026-07-09 15:30:36,1124.44,360.45,1.313,realtime,炉压持续偏高，建议适当下调风压操作
2026-07-09 15:30:37,1124.45,351.12,1.255,realtime,炉压持续偏高，建议适当下调风压操作
2026-07-09 15:30:38,1106.0,347.32,1.206,realtime,
2026-07-09 15:30:39,1101.2,332.42,1.162,realtime,
2026-07-09 15:30:40,1067.67,316.57,1.075,realtime,
2026-07-09 15:30:41,1043.8,295.2,0.977,realtime,
2026-07-09 15:30:42,1014.12,279.86,0.912,realtime,
2026-07-09 15:30:43,994.79,265.9,0.807,realtime,
2026-07-09 15:30:44,978.1,251.5,0.753,realtime,风温偏低，建议检查热风炉并提高燃烧强度
2026-07-09 15:30:45,975.17,239.45,0.743,realtime,风温偏低，建议检查热风炉并提高燃烧强度
2026-07-09 15:30:46,968.89,238.37,0.749,realtime,风温偏低，建议检查热风炉并提高燃烧强度
2026-07-09 15:30:47,973.86,243.5,0.751,realtime,风温偏低，建议检查热风炉并提高燃烧强度
2026-07-09 15:30:48,992.69,250.53,0.693,realtime,
2026-07-09 15:30:49,1014.02,268.93,0.8,realtime,
2026-07-09 15:30:50,1035.54,282.99,0.938,realtime,
2026-07-09 15:30:51,1049.59,302.12,1.015,realtime,
2026-07-09 15:30:52,1087.88,324.51,1.132,realtime,
2026-07-09 15:30:53,1098.49,335.32,1.188,realtime,
2026-07-09 15:30:54,1120.08,355.33,1.278,realtime,
2026-07-09 15:30:55,1128.14,361.83,1.264,realtime,
2026-07-09 15:30:56,1126.99,361.01,1.283,realtime,炉压持续偏高，建议适当下调风压操作
2026-07-09 15:30:57,1122.96,354.17,1.233,realtime,炉压持续偏高，建议适当下调风压操作
2026-07-09 15:30:58,1108.05,349.72,1.211,realtime,
2026-07-09 15:30:59,1088.59,322.49,1.135,realtime,
2026-07-09 15:31:00,1065.99,309.88,1.087,realtime,
2026-07-09 15:31:01,1040.69,294.74,0.948,realtime,
2026-07-09 15:31:02,1020.45,273.63,0.892,realtime,
2026-07-09 15:31:03,996.11,262.49,0.753,realtime,
2026-07-09 15:31:04,972.27,245.11,0.792,realtime,风温偏低，建议检查热风炉并提高燃烧强度
2026-07-09 15:31:05,968.72,244.71,0.743,realtime,风温偏低，建议检查热风炉并提高燃烧强度
2026-07-09 15:31:06,970.74,239.97,0.686,realtime,风温偏低，建议检查热风炉并提高燃烧强度
2026-07-09 15:31:07,978.34,242.51,0.703,realtime,风温偏低，建议检查热风炉并提高燃烧强度
2026-07-09 15:31:08,994.45,260.25,0.748,realtime,
2026-07-09 15:31:09,1010.62,270.21,0.891,realtime,
2026-07-09 15:31:10,1035.02,283.59,0.965,realtime,
2026-07-09 15:31:11,1065.23,310.91,1.032,realtime,
2026-07-09 15:31:12,1077.84,322.6,1.085,realtime,
2026-07-09 15:31:13,1100.07,337.05,1.228,realtime,
2026-07-09 15:31:14,1115.12,352.2,1.309,realtime,
2026-07-09 15:31:15,1125.5,353.92,1.253,realtime,
2026-07-09 15:31:16,1139.13,358.87,1.274,realtime,炉压持续偏高，建议适当下调风压操作
2026-07-09 15:31:17,1119.84,353.47,1.302,realtime,炉压持续偏高，建议适当下调风压操作
2026-07-09 15:31:18,1102.22,343.89,1.203,realtime,
2026-07-09 15:31:19,1103.31,321.56,1.103,realtime,
2026-07-09 15:31:20,1064.17,316.73,1.116,realtime,
2026-07-09 15:31:21,1029.76,297.02,0.953,realtime,
2026-07-09 15:31:22,1015.7,268.97,0.931,realtime,
2026-07-09 15:31:23,987.07,261.68,0.793,realtime,
2026-07-09 15:31:24,971.4,243.01,0.77,realtime,风温偏低，建议检查热风炉并提高燃烧强度
2026-07-09 15:31:25,966.88,241.2,0.687,realtime,风温偏低，建议检查热风炉并提高燃烧强度
2026-07-09 15:31:26,976.82,238.66,0.708,realtime,风温偏低，建议检查热风炉并提高燃烧强度
2026-07-09 15:31:27,980.51,245.71,0.722,realtime,
2026-07-09 15:31:28,991.69,257.12,0.775,realtime,
2026-07-09 15:31:29,1003.11,274.97,0.867,realtime,
2026-07-09 15:31:30,1034.17,291.72,0.919,realtime,
2026-07-09 15:31:31,1055.8,306.78,1.025,realtime,
2026-07-09 15:31:32,1081.11,328.36,1.137,realtime,
2026-07-09 15:31:33,1103.0,342.13,1.146,realtime,
2026-07-09 15:31:34,1115.39,352.36,1.19,realtime,
2026-07-09 15:31:35,1126.57,360.3,1.263,realtime,
2026-07-09 15:31:36,1135.72,357.73,1.269,realtime,炉压持续偏高，建议适当下调风压操作
2026-07-09 15:31:37,1124.88,355.25,1.302,realtime,炉压持续偏高，建议适当下调风压操作
2026-07-09 15:31:38,1101.07,343.9,1.243,realtime,
2026-07-10 12:56:56,1051.02,305.78,1.017,realtime,
2026-07-10 12:56:57,1084.1,320.28,1.092,realtime,
2026-07-10 12:56:58,1090.08,333.34,1.124,realtime,
2026-07-10 12:56:59,1120.43,346.95,1.211,realtime,
2026-07-10 12:57:00,1125.98,356.51,1.274,realtime,
2026-07-10 12:57:01,1140.57,362.1,1.286,realtime,
2026-07-10 12:57:02,1119.36,358.85,1.289,realtime,炉压持续偏高，建议适当下调风压操作
2026-07-10 12:57:03,1117.09,346.3,1.191,realtime,
2026-07-10 12:57:04,1095.91,333.05,1.159,realtime,
2026-07-10 12:57:05,1063.36,324.07,1.109,realtime,
2026-07-10 12:57:06,1053.22,301.25,0.974,realtime,
2026-07-10 12:58:47,1053.5,295.25,1.013,realtime,
2026-07-10 12:58:48,1079.15,323.38,1.077,realtime,
2026-07-10 12:58:49,1103.28,337.19,1.151,realtime,
2026-07-10 12:58:50,1109.97,344.29,1.286,realtime,
2026-07-10 12:58:51,1124.63,358.3,1.326,realtime,
2026-07-10 12:58:52,1130.87,362.08,1.332,realtime,
2026-07-10 12:58:53,1132.8,351.78,1.28,realtime,炉压持续偏高，建议适当下调风压操作
2026-07-10 12:58:54,1118.55,347.96,1.237,realtime,
2026-07-10 12:58:55,1092.66,334.87,1.172,realtime,
2026-07-10 12:58:56,1074.82,322.74,1.084,realtime,
2026-07-10 12:58:57,1052.09,305.87,1.039,realtime,
2026-07-10 12:58:58,1017.7,282.07,0.928,realtime,
2026-07-10 12:58:59,993.69,265.36,0.842,realtime,
2026-07-10 12:59:00,991.19,252.63,0.761,realtime,
2026-07-10 12:59:01,965.78,242.38,0.76,realtime,风温偏低，建议检查热风炉并提高燃烧强度
2026-07-10 12:59:02,964.01,237.95,0.735,realtime,风温偏低，建议检查热风炉并提高燃烧强度
2026-07-10 12:59:03,977.09,241.34,0.743,realtime,风温偏低，建议检查热风炉并提高燃烧强度
2026-07-10 12:59:04,987.6,252.7,0.732,realtime,
2026-07-10 12:59:05,1010.09,270.92,0.813,realtime,
2026-07-10 12:59:06,1027.1,281.92,0.944,realtime,
2026-07-10 12:59:07,1047.19,296.84,1.028,realtime,
2026-07-10 12:59:08,1080.72,315.98,1.08,realtime,
2026-07-10 12:59:09,1093.8,335.14,1.186,realtime,
2026-07-10 12:59:10,1122.31,349.13,1.269,realtime,
2026-07-10 12:59:11,1125.02,358.14,1.32,realtime,
2026-07-10 12:59:12,1122.86,361.84,1.326,realtime,
2026-07-10 12:59:13,1131.36,358.02,1.289,realtime,炉压持续偏高，建议适当下调风压操作
2026-07-10 12:59:15,1112.93,352.55,1.219,realtime,炉压持续偏高，建议适当下调风压操作
2026-07-10 12:59:16,1096.82,331.97,1.168,realtime,
2026-07-10 12:59:17,1073.42,319.85,1.098,realtime,
2026-07-10 12:59:18,1050.05,300.33,0.972,realtime,
2026-07-10 12:59:19,1016.65,280.66,0.904,realtime,
2026-07-10 12:59:20,997.08,265.45,0.824,realtime,
2026-07-10 12:59:21,980.43,250.47,0.733,realtime,
2026-07-10 12:59:22,977.25,236.68,0.692,realtime,风温偏低，建议检查热风炉并提高燃烧强度
2026-07-10 12:59:23,974.07,238.97,0.709,realtime,风温偏低，建议检查热风炉并提高燃烧强度
2026-07-10 12:59:24,975.84,246.16,0.755,realtime,风温偏低，建议检查热风炉并提高燃烧强度
2026-07-10 12:59:25,990.59,255.99,0.751,realtime,
2026-07-10 12:59:26,1007.21,264.05,0.83,realtime,
2026-07-10 12:59:27,1025.32,284.94,0.97,realtime,
2026-07-10 12:59:28,1050.82,303.21,1.036,realtime,
2026-07-10 12:59:29,1085.95,320.86,1.102,realtime,
2026-07-10 12:59:30,1096.95,340.03,1.187,realtime,
2026-07-10 12:59:31,1125.29,353.53,1.253,realtime,
2026-07-10 12:59:32,1131.16,359.34,1.321,realtime,
2026-07-10 12:59:33,1121.12,362.4,1.365,realtime,炉压持续偏高，建议适当下调风压操作
2026-07-10 12:59:34,1131.9,360.56,1.22,realtime,炉压持续偏高，建议适当下调风压操作
2026-07-10 12:59:35,1107.87,341.15,1.246,realtime,
2026-07-10 12:59:36,1094.7,330.07,1.129,realtime,
2026-07-10 12:59:37,1071.91,313.55,1.06,realtime,
2026-07-10 12:59:38,1055.98,297.09,0.979,realtime,
2026-07-10 12:59:39,1023.33,276.06,0.886,realtime,
2026-07-10 12:59:40,994.41,257.76,0.811,realtime,
2026-07-10 12:59:41,988.42,246.77,0.732,realtime,
2026-07-10 12:59:42,972.43,242.11,0.699,realtime,风温偏低，建议检查热风炉并提高燃烧强度
2026-07-10 12:59:43,968.03,238.3,0.727,realtime,风温偏低，建议检查热风炉并提高燃烧强度
2026-07-10 12:59:44,971.19,242.65,0.683,realtime,风温偏低，建议检查热风炉并提高燃烧强度
2026-07-10 12:59:45,984.57,249.21,0.758,realtime,
2026-07-10 12:59:46,1008.45,270.89,0.886,realtime,
2026-07-10 12:59:47,1031.8,276.74,0.917,realtime,
2026-07-10 12:59:48,1058.73,305.1,1.064,realtime,
2026-07-10 12:59:49,1079.16,325.96,1.13,realtime,
2026-07-10 12:59:50,1118.13,347.93,1.262,realtime,
2026-07-10 12:59:51,1121.16,356.74,1.268,realtime,
2026-07-10 12:59:52,1130.81,355.8,1.275,realtime,
2026-07-10 12:59:53,1127.46,360.37,1.231,realtime,炉压持续偏高，建议适当下调风压操作
2026-07-10 12:59:54,1107.3,346.79,1.219,realtime,
2026-07-10 12:59:55,1097.27,337.93,1.151,realtime,
2026-07-10 12:59:56,1075.87,320.98,1.12,realtime,
2026-07-10 12:59:57,1049.9,299.06,0.931,realtime,
2026-07-10 12:59:58,1025.37,278.35,0.873,realtime,
2026-07-10 12:59:59,992.21,260.84,0.833,realtime,
2026-07-10 13:00:00,983.67,251.21,0.806,realtime,
2026-07-10 13:00:01,970.92,245.24,0.716,realtime,风温偏低，建议检查热风炉并提高燃烧强度
2026-07-10 13:00:03,974.71,237.08,0.73,realtime,风温偏低，建议检查热风炉并提高燃烧强度
2026-07-10 13:00:04,963.34,247.58,0.73,realtime,风温偏低，建议检查热风炉并提高燃烧强度
2026-07-10 13:00:05,989.95,249.02,0.777,realtime,
2026-07-10 13:00:06,1010.57,265.2,0.851,realtime,
2026-07-10 13:00:07,1040.1,279.55,0.928,realtime,
2026-07-10 13:00:08,1046.41,304.56,1.004,realtime,
2026-07-10 13:00:09,1072.85,323.45,1.11,realtime,
2026-07-10 13:00:10,1102.36,339.46,1.186,realtime,
2026-07-10 13:00:11,1117.13,349.04,1.269,realtime,
2026-07-10 13:00:12,1133.39,362.9,1.287,realtime,
2026-07-10 13:00:13,1133.46,358.32,1.281,realtime,
2026-07-10 13:00:14,1124.14,361.35,1.29,realtime,炉压持续偏高，建议适当下调风压操作
2026-07-10 13:00:15,1115.57,348.35,1.196,realtime,
2026-07-10 13:00:16,1096.36,331.04,1.173,realtime,
2026-07-10 13:00:17,1067.75,310.13,1.111,realtime,
2026-07-10 13:00:18,1048.12,293.02,1.01,realtime,
2026-07-10 13:00:19,1024.69,276.8,0.851,realtime,
2026-07-10 13:00:20,1002.37,267.37,0.804,realtime,
2026-07-10 13:00:21,976.67,248.01,0.768,realtime,风温偏低，建议检查热风炉并提高燃烧强度
2026-07-10 13:00:22,970.94,239.07,0.714,realtime,风温偏低，建议检查热风炉并提高燃烧强度
2026-07-10 13:00:23,971.26,240.89,0.767,realtime,风温偏低，建议检查热风炉并提高燃烧强度
2026-07-10 13:00:24,977.03,240.96,0.695,realtime,风温偏低，建议检查热风炉并提高燃烧强度
2026-07-10 13:00:25,984.62,250.09,0.773,realtime,
2026-07-10 13:00:26,1018.69,266.66,0.817,realtime,
2026-07-10 13:00:27,1030.57,284.39,0.867,realtime,
2026-07-10 13:00:28,1054.29,301.31,1.022,realtime,
2026-07-10 13:00:29,1083.76,326.84,1.111,realtime,
2026-07-10 13:00:30,1107.79,332.23,1.261,realtime,
2026-07-10 13:00:31,1125.91,348.18,1.217,realtime,
2026-07-10 13:00:32,1131.71,359.24,1.272,realtime,
2026-07-10 13:00:33,1131.48,361.41,1.244,realtime,
2026-07-10 13:00:34,1124.68,354.22,1.311,realtime,炉压持续偏高，建议适当下调风压操作
2026-07-10 13:00:35,1111.04,345.78,1.206,realtime,
2026-07-10 13:00:36,1088.56,338.61,1.204,realtime,
2026-07-10 13:00:37,1073.65,319.09,1.053,realtime,
2026-07-10 13:00:38,1040.41,291.93,0.975,realtime,
2026-07-10 13:00:39,1019.03,273.37,0.87,realtime,
2026-07-10 13:00:40,995.58,258.34,0.824,realtime,
2026-07-10 13:00:41,984.45,247.07,0.735,realtime,
2026-07-10 13:00:42,970.36,241.58,0.714,realtime,风温偏低，建议检查热风炉并提高燃烧强度
2026-07-10 13:00:43,968.14,235.78,0.726,realtime,风温偏低，建议检查热风炉并提高燃烧强度
2026-07-10 13:00:44,981.37,243.25,0.731,realtime,
2026-07-10 13:00:45,989.86,257.28,0.746,realtime,
2026-07-10 13:00:46,1005.3,269.38,0.853,realtime,
2026-07-10 13:00:47,1025.88,286.92,0.93,realtime,
2026-07-10 13:00:48,1059.76,305.51,1.014,realtime,
2026-07-10 13:00:49,1082.7,315.85,1.156,realtime,
2026-07-10 13:00:50,1103.43,348.35,1.212,realtime,
2026-07-10 13:00:51,1114.14,354.66,1.274,realtime,
2026-07-10 13:00:52,1122.04,359.51,1.321,realtime,
2026-07-10 13:00:53,1131.98,360.26,1.317,realtime,炉压持续偏高，建议适当下调风压操作
2026-07-10 13:00:54,1126.65,354.01,1.25,realtime,炉压持续偏高，建议适当下调风压操作
2026-07-10 13:00:55,1106.9,344.63,1.259,realtime,
2026-07-10 13:00:56,1092.73,333.43,1.251,realtime,
2026-07-10 13:00:57,1067.84,313.02,1.049,realtime,
2026-07-10 13:00:58,1040.22,295.24,0.962,realtime,
2026-07-10 13:00:59,1024.69,278.2,0.849,realtime,
2026-07-10 13:01:00,996.02,260.05,0.796,realtime,
2026-07-10 13:01:01,984.7,254.73,0.782,realtime,
2026-07-10 13:01:02,979.5,240.02,0.712,realtime,风温偏低，建议检查热风炉并提高燃烧强度
2026-07-10 13:01:03,970.58,245.04,0.678,realtime,风温偏低，建议检查热风炉并提高燃烧强度
2026-07-10 13:01:04,979.15,249.55,0.753,realtime,风温偏低，建议检查热风炉并提高燃烧强度
2026-07-10 13:01:05,1001.0,255.59,0.784,realtime,
2026-07-10 13:01:06,1006.35,269.46,0.852,realtime,
2026-07-10 13:01:07,1034.32,286.65,0.917,realtime,
2026-07-10 13:01:08,1051.75,301.35,1.029,realtime,
2026-07-10 13:01:09,1084.6,327.26,1.135,realtime,
2026-07-10 13:01:10,1106.32,346.73,1.167,realtime,
2026-07-10 13:01:11,1117.08,355.76,1.243,realtime,
2026-07-10 13:01:12,1132.3,361.09,1.294,realtime,
2026-07-10 13:01:13,1125.29,357.63,1.316,realtime,炉压持续偏高，建议适当下调风压操作
2026-07-10 13:01:14,1121.75,353.45,1.304,realtime,炉压持续偏高，建议适当下调风压操作
2026-07-10 13:01:15,1104.95,340.14,1.194,realtime,
2026-07-10 13:01:16,1083.67,329.09,1.187,realtime,
2026-07-10 13:01:17,1065.26,314.55,1.054,realtime,
2026-07-10 13:01:18,1045.66,292.62,0.985,realtime,
2026-07-10 13:01:19,1017.04,274.13,0.915,realtime,
2026-07-10 13:01:20,1001.53,263.57,0.788,realtime,
2026-07-10 13:01:21,978.12,243.87,0.686,realtime,风温偏低，建议检查热风炉并提高燃烧强度
2026-07-10 13:01:22,973.22,246.04,0.716,realtime,风温偏低，建议检查热风炉并提高燃烧强度
2026-07-10 13:01:23,969.55,239.37,0.726,realtime,风温偏低，建议检查热风炉并提高燃烧强度
2026-07-10 13:01:24,974.94,247.67,0.717,realtime,风温偏低，建议检查热风炉并提高燃烧强度
2026-07-10 13:01:25,991.78,251.85,0.785,realtime,
2026-07-10 13:01:26,1006.39,268.28,0.892,realtime,
2026-07-10 13:01:27,1036.24,282.39,0.98,realtime,
2026-07-10 13:01:28,1060.16,308.97,1.052,realtime,
2026-07-10 13:01:29,1091.83,323.93,1.115,realtime,
2026-07-10 13:01:30,1102.38,339.57,1.218,realtime,
2026-07-10 13:01:31,1119.49,350.8,1.252,realtime,
2026-07-10 13:01:32,1137.0,359.05,1.242,realtime,
2026-07-10 13:01:33,1135.6,358.4,1.278,realtime,炉压持续偏高，建议适当下调风压操作
2026-07-10 13:01:34,1120.82,351.65,1.255,realtime,炉压持续偏高，建议适当下调风压操作
2026-07-10 13:01:35,1105.5,338.04,1.242,realtime,
2026-07-10 13:01:36,1095.98,329.74,1.139,realtime,
2026-07-10 13:01:37,1064.94,313.78,1.027,realtime,
2026-07-10 13:01:38,1042.88,291.83,0.889,realtime,
2026-07-10 13:01:39,1010.18,273.73,0.844,realtime,
2026-07-10 13:01:40,994.31,258.07,0.853,realtime,
2026-07-10 13:01:41,989.14,248.41,0.787,realtime,
2026-07-10 13:01:42,972.19,242.5,0.745,realtime,风温偏低，建议检查热风炉并提高燃烧强度
2026-07-10 13:01:43,968.83,236.78,0.726,realtime,风温偏低，建议检查热风炉并提高燃烧强度
2026-07-10 13:01:44,977.99,248.48,0.719,realtime,风温偏低，建议检查热风炉并提高燃烧强度
2026-07-10 13:01:45,991.97,260.23,0.817,realtime,
2026-07-10 13:01:46,1007.77,271.5,0.901,realtime,
2026-07-10 13:01:47,1027.18,291.85,0.902,realtime,
2026-07-10 13:01:48,1056.99,310.13,1.053,realtime,
2026-07-10 13:01:49,1094.95,329.65,1.118,realtime,
2026-07-10 13:01:50,1101.83,342.02,1.192,realtime,
2026-07-10 13:01:51,1121.06,351.65,1.246,realtime,
2026-07-10 13:01:52,1131.02,357.94,1.329,realtime,
2026-07-10 13:01:53,1130.73,362.88,1.305,realtime,炉压持续偏高，建议适当下调风压操作
2026-07-10 13:01:54,1119.06,352.6,1.275,realtime,炉压持续偏高，建议适当下调风压操作
2026-07-10 13:01:55,1120.94,340.54,1.224,realtime,
2026-07-10 13:01:56,1095.68,327.03,1.173,realtime,
2026-07-10 13:01:57,1056.25,303.18,1.063,realtime,
2026-07-10 13:01:58,1029.19,290.86,0.924,realtime,
2026-07-10 13:01:59,1008.4,275.21,0.837,realtime,
2026-07-10 13:02:00,988.22,257.42,0.766,realtime,
2026-07-10 13:02:01,975.99,242.9,0.702,realtime,风温偏低，建议检查热风炉并提高燃烧强度
2026-07-10 13:02:02,967.71,240.8,0.708,realtime,风温偏低，建议检查热风炉并提高燃烧强度
2026-07-10 13:02:03,971.35,244.6,0.662,realtime,风温偏低，建议检查热风炉并提高燃烧强度
2026-07-10 13:02:04,976.01,252.42,0.738,realtime,风温偏低，建议检查热风炉并提高燃烧强度
2026-07-10 13:02:05,992.06,256.49,0.746,realtime,
2026-07-10 13:02:06,1010.08,279.84,0.837,realtime,
2026-07-10 13:02:07,1041.7,294.4,1.003,realtime,
2026-07-10 13:02:08,1061.59,312.04,0.991,realtime,
2026-07-10 13:02:09,1091.26,330.3,1.167,realtime,
2026-07-10 13:02:10,1107.87,341.98,1.221,realtime,
2026-07-10 13:02:11,1127.51,351.9,1.262,realtime,
2026-07-10 13:02:12,1130.09,353.17,1.291,realtime,
2026-07-10 13:02:13,1133.21,359.68,1.29,realtime,炉压持续偏高，建议适当下调风压操作
2026-07-10 13:02:14,1115.78,350.91,1.229,realtime,炉压持续偏高，建议适当下调风压操作
2026-07-10 13:02:15,1105.56,339.92,1.146,realtime,
2026-07-10 13:02:16,1083.47,325.72,1.143,realtime,
2026-07-10 13:02:17,1059.29,304.73,1.02,realtime,
2026-07-10 13:02:18,1040.99,291.86,0.967,realtime,
2026-07-10 13:02:19,1008.6,268.97,0.84,realtime,
2026-07-10 13:02:20,992.52,253.76,0.762,realtime,
2026-07-10 13:02:21,985.61,247.15,0.709,realtime,
2026-07-10 13:02:22,969.01,241.09,0.653,realtime,风温偏低，建议检查热风炉并提高燃烧强度
2026-07-10 13:02:23,972.96,240.81,0.709,realtime,风温偏低，建议检查热风炉并提高燃烧强度
2026-07-10 13:02:24,982.4,246.12,0.687,realtime,
2026-07-10 13:02:25,993.99,261.53,0.775,realtime,
2026-07-10 13:02:26,1019.89,276.28,0.882,realtime,
2026-07-10 13:02:27,1043.68,297.68,0.977,realtime,
2026-07-10 13:02:28,1069.91,313.89,1.09,realtime,
2026-07-10 13:02:29,1093.64,328.56,1.141,realtime,
2026-07-10 13:02:30,1125.13,343.17,1.268,realtime,
2026-07-10 13:02:31,1123.87,353.1,1.269,realtime,
2026-07-10 13:02:32,1141.8,357.04,1.269,realtime,
2026-07-10 13:02:33,1130.67,357.2,1.345,realtime,炉压持续偏高，建议适当下调风压操作
2026-07-10 13:02:34,1133.03,354.04,1.26,realtime,炉压持续偏高，建议适当下调风压操作
2026-07-10 13:02:35,1094.71,337.26,1.224,realtime,
2026-07-10 13:02:36,1078.5,325.09,1.081,realtime,
2026-07-10 13:02:37,1047.83,302.86,1.014,realtime,
2026-07-10 13:02:38,1030.54,282.17,0.911,realtime,
2026-07-10 13:02:39,1001.05,269.98,0.817,realtime,
2026-07-10 13:02:40,987.69,257.66,0.754,realtime,
2026-07-10 13:02:41,974.18,246.56,0.676,realtime,风温偏低，建议检查热风炉并提高燃烧强度
2026-07-10 13:02:42,958.34,241.46,0.726,realtime,风温偏低，建议检查热风炉并提高燃烧强度
2026-07-10 13:02:43,976.86,240.75,0.68,realtime,风温偏低，建议检查热风炉并提高燃烧强度
2026-07-10 13:02:44,979.8,248.42,0.683,realtime,风温偏低，建议检查热风炉并提高燃烧强度
2026-07-10 13:02:45,995.75,261.59,0.776,realtime,
2026-07-10 13:02:46,1024.88,275.91,0.872,realtime,
2026-07-10 13:02:47,1042.72,297.73,0.983,realtime,
2026-07-10 13:02:48,1079.61,306.0,1.067,realtime,
2026-07-10 13:02:49,1090.62,328.2,1.164,realtime,
2026-07-10 13:02:50,1117.71,345.26,1.185,realtime,
2026-07-10 13:02:51,1127.08,362.16,1.301,realtime,
2026-07-10 13:02:52,1132.69,354.83,1.241,realtime,
2026-07-10 13:02:53,1127.22,357.94,1.247,realtime,炉压持续偏高，建议适当下调风压操作
2026-07-10 13:02:54,1117.23,352.22,1.211,realtime,炉压持续偏高，建议适当下调风压操作
2026-07-10 13:02:55,1102.7,341.2,1.205,realtime,
2026-07-10 13:02:56,1072.24,322.44,1.06,realtime,
2026-07-10 13:02:57,1062.13,300.03,1.034,realtime,
2026-07-10 13:02:58,1028.44,286.07,0.915,realtime,
2026-07-10 13:02:59,1001.13,259.66,0.873,realtime,
2026-07-10 13:03:00,980.91,247.69,0.767,realtime,
2026-07-10 13:03:01,979.96,239.98,0.665,realtime,风温偏低，建议检查热风炉并提高燃烧强度
2026-07-10 13:03:02,973.15,238.87,0.672,realtime,风温偏低，建议检查热风炉并提高燃烧强度
2026-07-10 13:03:03,977.4,248.91,0.751,realtime,风温偏低，建议检查热风炉并提高燃烧强度
2026-07-10 13:03:04,981.15,244.22,0.788,realtime,
2026-07-10 13:03:05,999.99,271.36,0.821,realtime,
2026-07-10 13:03:06,1019.19,280.99,0.874,realtime,
2026-07-10 13:03:07,1049.38,303.67,1.045,realtime,
2026-07-10 13:03:08,1083.75,317.36,1.092,realtime,
2026-07-10 13:03:09,1097.62,331.88,1.239,realtime,
2026-07-10 13:03:10,1120.12,351.25,1.311,realtime,
2026-07-10 13:03:11,1132.93,355.83,1.273,realtime,
2026-07-10 13:03:12,1122.88,365.72,1.317,realtime,炉压持续偏高，建议适当下调风压操作
2026-07-10 13:03:13,1120.22,353.95,1.329,realtime,炉压持续偏高，建议适当下调风压操作
2026-07-10 13:03:14,1113.28,349.09,1.279,realtime,
2026-07-10 13:03:15,1102.0,341.29,1.19,realtime,
2026-07-10 13:03:16,1076.75,324.98,1.078,realtime,
2026-07-10 13:03:17,1041.74,296.24,1.026,realtime,
2026-07-10 13:03:18,1034.86,283.53,0.885,realtime,
2026-07-10 13:03:19,1003.71,262.2,0.752,realtime,
2026-07-10 13:03:20,983.59,249.99,0.725,realtime,
2026-07-10 13:03:21,980.52,242.9,0.717,realtime,
2026-07-10 13:03:23,973.62,240.19,0.683,realtime,风温偏低，建议检查热风炉并提高燃烧强度
2026-07-10 13:03:24,971.71,247.13,0.681,realtime,风温偏低，建议检查热风炉并提高燃烧强度
2026-07-10 13:03:25,983.84,248.0,0.736,realtime,
2026-07-10 13:03:26,1007.58,262.57,0.819,realtime,
2026-07-10 13:03:27,1029.87,283.13,0.888,realtime,
2026-07-10 13:03:28,1060.45,305.34,1.028,realtime,
2026-07-10 13:03:29,1085.29,318.39,1.101,realtime,
2026-07-10 13:03:30,1099.9,336.68,1.173,realtime,
2026-07-10 13:03:31,1118.97,351.97,1.269,realtime,
2026-07-10 13:03:32,1129.33,357.0,1.287,realtime,
2026-07-10 13:03:33,1134.37,360.22,1.27,realtime,炉压持续偏高，建议适当下调风压操作
2026-07-10 13:03:34,1118.26,353.2,1.314,realtime,炉压持续偏高，建议适当下调风压操作
2026-07-10 13:03:35,1111.71,345.49,1.207,realtime,
2026-07-10 13:03:36,1094.26,335.75,1.068,realtime,
2026-07-10 13:03:37,1075.51,314.73,1.08,realtime,
2026-07-10 13:03:38,1044.41,299.4,0.953,realtime,
2026-07-10 13:03:39,1028.52,276.06,0.907,realtime,
2026-07-10 13:03:40,1003.51,261.56,0.773,realtime,
2026-07-10 13:03:41,983.25,247.72,0.773,realtime,
2026-07-10 13:03:42,972.97,242.97,0.669,realtime,风温偏低，建议检查热风炉并提高燃烧强度
2026-07-10 13:03:43,960.99,245.32,0.677,realtime,风温偏低，建议检查热风炉并提高燃烧强度
2026-07-10 13:03:44,979.72,246.58,0.742,realtime,风温偏低，建议检查热风炉并提高燃烧强度
2026-07-10 13:03:45,995.24,251.64,0.807,realtime,
2026-07-10 13:03:46,995.31,266.1,0.825,realtime,
2026-07-10 13:03:47,1031.07,279.74,0.938,realtime,
2026-07-10 13:03:48,1059.14,305.57,1.022,realtime,
2026-07-10 13:03:49,1081.6,318.82,1.058,realtime,
2026-07-10 13:03:50,1096.09,337.65,1.208,realtime,
2026-07-10 13:03:51,1119.78,347.52,1.238,realtime,
2026-07-10 13:03:52,1128.76,354.01,1.29,realtime,
2026-07-10 13:03:53,1130.89,361.43,1.302,realtime,
2026-07-10 13:03:54,1118.33,353.11,1.289,realtime,炉压持续偏高，建议适当下调风压操作
2026-07-10 13:03:55,1115.41,349.52,1.242,realtime,
2026-07-10 13:03:56,1098.23,332.73,1.178,realtime,
2026-07-10 13:03:57,1066.64,313.4,1.067,realtime,
2026-07-10 13:03:58,1042.9,298.22,1.007,realtime,
2026-07-10 13:03:59,1020.37,279.05,0.865,realtime,
2026-07-10 13:04:00,1001.34,263.82,0.826,realtime,
2026-07-10 13:04:01,986.13,248.95,0.718,realtime,
2026-07-10 13:04:02,972.75,241.5,0.721,realtime,风温偏低，建议检查热风炉并提高燃烧强度
2026-07-10 13:04:03,965.52,237.69,0.689,realtime,风温偏低，建议检查热风炉并提高燃烧强度
2026-07-10 13:04:04,971.13,245.99,0.701,realtime,风温偏低，建议检查热风炉并提高燃烧强度
2026-07-10 13:04:05,981.88,252.14,0.835,realtime,
2026-07-10 13:04:06,1007.2,263.58,0.838,realtime,
2026-07-10 13:04:07,1031.32,288.02,0.915,realtime,
2026-07-10 13:04:08,1049.83,305.46,0.987,realtime,
2026-07-10 13:04:09,1084.82,324.57,1.114,realtime,
2026-07-10 13:04:10,1107.48,335.4,1.248,realtime,
2026-07-10 13:04:11,1110.92,351.87,1.252,realtime,
2026-07-10 13:04:12,1127.04,359.67,1.287,realtime,
2026-07-10 13:04:13,1126.4,365.75,1.272,realtime,炉压持续偏高，建议适当下调风压操作
2026-07-10 13:04:14,1134.68,350.54,1.274,realtime,炉压持续偏高，建议适当下调风压操作
2026-07-10 13:04:15,1117.67,339.85,1.231,realtime,
2026-07-10 13:04:16,1090.81,327.86,1.144,realtime,
2026-07-10 13:04:17,1065.51,312.31,1.076,realtime,
2026-07-10 13:04:18,1042.26,295.05,0.983,realtime,
2026-07-10 13:04:19,1014.77,276.15,0.882,realtime,
2026-07-10 13:04:20,1000.5,258.09,0.828,realtime,
2026-07-10 13:04:21,985.37,250.91,0.701,realtime,
2026-07-10 13:04:22,971.41,241.98,0.697,realtime,风温偏低，建议检查热风炉并提高燃烧强度
2026-07-10 13:04:23,976.79,237.95,0.71,realtime,风温偏低，建议检查热风炉并提高燃烧强度
2026-07-10 13:04:24,979.88,248.6,0.735,realtime,风温偏低，建议检查热风炉并提高燃烧强度
2026-07-10 13:04:25,984.71,258.15,0.727,realtime,
2026-07-10 13:04:26,1014.58,269.94,0.873,realtime,
2026-07-10 13:04:27,1039.14,282.01,0.89,realtime,
2026-07-10 13:04:28,1056.29,308.65,1.008,realtime,
2026-07-10 13:04:29,1081.05,324.48,1.096,realtime,
2026-07-10 13:04:30,1106.91,339.1,1.26,realtime,
2026-07-10 13:04:31,1117.56,351.31,1.305,realtime,
2026-07-10 13:04:32,1133.57,361.08,1.268,realtime,
2026-07-10 13:04:33,1129.78,357.21,1.296,realtime,炉压持续偏高，建议适当下调风压操作
2026-07-10 13:04:34,1125.55,349.34,1.281,realtime,
2026-07-10 13:04:35,1115.81,344.99,1.215,realtime,
2026-07-10 13:04:36,1096.78,326.89,1.198,realtime,
2026-07-10 13:04:37,1063.69,313.42,1.068,realtime,
2026-07-10 13:04:38,1035.99,298.98,1.01,realtime,
2026-07-10 13:04:39,1018.29,275.72,0.843,realtime,
2026-07-10 13:04:40,996.39,256.94,0.774,realtime,
2026-07-10 13:04:41,982.19,247.06,0.77,realtime,
2026-07-10 13:04:42,981.15,242.22,0.661,realtime,
2026-07-10 13:04:43,974.81,239.82,0.74,realtime,风温偏低，建议检查热风炉并提高燃烧强度
2026-07-10 13:04:44,986.08,246.76,0.713,realtime,
2026-07-10 13:04:45,992.53,256.67,0.756,realtime,
2026-07-10 13:04:46,1009.66,269.98,0.804,realtime,
2026-07-10 13:04:47,1048.88,286.43,0.965,realtime,
2026-07-10 13:04:48,1069.82,302.32,1.08,realtime,
2026-07-10 13:04:49,1082.87,322.85,1.1,realtime,
2026-07-10 13:04:50,1107.53,340.32,1.27,realtime,
2026-07-10 13:04:51,1118.85,353.51,1.268,realtime,
2026-07-10 13:04:52,1128.45,363.35,1.258,realtime,
2026-07-10 13:04:53,1132.04,356.69,1.334,realtime,炉压持续偏高，建议适当下调风压操作
2026-07-10 13:04:54,1118.66,355.8,1.259,realtime,炉压持续偏高，建议适当下调风压操作
2026-07-10 13:04:55,1112.32,346.09,1.257,realtime,
2026-07-10 13:04:56,1094.95,328.48,1.156,realtime,
2026-07-10 13:04:57,1061.01,312.26,1.05,realtime,
2026-07-10 13:04:58,1031.84,290.15,0.919,realtime,
2026-07-10 13:04:59,1015.67,271.71,0.931,realtime,
2026-07-10 13:05:00,995.85,263.76,0.764,realtime,
2026-07-10 13:05:01,975.71,250.81,0.739,realtime,风温偏低，建议检查热风炉并提高燃烧强度
2026-07-10 13:05:02,970.45,243.85,0.685,realtime,风温偏低，建议检查热风炉并提高燃烧强度
2026-07-10 13:05:03,967.63,237.77,0.694,realtime,风温偏低，建议检查热风炉并提高燃烧强度
2026-07-10 13:05:04,977.73,241.19,0.743,realtime,风温偏低，建议检查热风炉并提高燃烧强度
2026-07-10 13:05:05,984.27,251.67,0.83,realtime,
2026-07-10 13:05:06,1012.36,273.67,0.909,realtime,
2026-07-10 13:05:07,1034.3,298.22,0.975,realtime,
2026-07-10 13:05:08,1071.37,309.53,1.043,realtime,
2026-07-10 13:05:09,1085.91,327.7,1.116,realtime,
2026-07-10 13:05:10,1095.56,344.5,1.206,realtime,
2026-07-10 13:05:11,1133.26,344.2,1.255,realtime,
2026-07-10 13:05:12,1135.76,357.6,1.324,realtime,
2026-07-10 13:05:13,1124.86,355.43,1.292,realtime,
2026-07-10 13:05:14,1120.33,358.34,1.269,realtime,炉压持续偏高，建议适当下调风压操作
2026-07-10 13:05:15,1111.88,346.49,1.19,realtime,
2026-07-10 13:05:16,1087.52,329.08,1.103,realtime,
2026-07-10 13:05:17,1060.76,310.79,1.09,realtime,
2026-07-10 13:05:18,1040.26,287.48,0.934,realtime,
2026-07-10 13:05:19,1025.63,268.86,0.886,realtime,
2026-07-10 13:05:20,992.04,260.33,0.798,realtime,
2026-07-10 13:05:21,975.77,245.39,0.705,realtime,风温偏低，建议检查热风炉并提高燃烧强度
2026-07-10 13:05:22,968.48,240.26,0.66,realtime,风温偏低，建议检查热风炉并提高燃烧强度
2026-07-10 13:05:23,965.45,238.35,0.725,realtime,风温偏低，建议检查热风炉并提高燃烧强度
2026-07-10 13:05:24,974.08,247.73,0.72,realtime,风温偏低，建议检查热风炉并提高燃烧强度
2026-07-10 13:05:25,1000.64,258.87,0.784,realtime,
2026-07-10 13:05:26,1021.28,269.35,0.864,realtime,
2026-07-10 13:05:27,1043.55,298.22,0.988,realtime,
2026-07-10 13:05:28,1060.41,308.97,1.042,realtime,
2026-07-10 13:05:29,1085.83,330.58,1.172,realtime,
2026-07-10 13:05:30,1107.58,343.65,1.203,realtime,
2026-07-10 13:05:31,1118.08,353.93,1.247,realtime,
2026-07-10 13:05:32,1123.24,357.89,1.319,realtime,
2026-07-10 13:05:33,1129.72,362.25,1.306,realtime,炉压持续偏高，建议适当下调风压操作
2026-07-10 13:05:34,1131.67,352.01,1.255,realtime,炉压持续偏高，建议适当下调风压操作
2026-07-10 13:05:35,1098.34,343.51,1.197,realtime,
2026-07-10 13:05:36,1090.8,321.9,1.105,realtime,
2026-07-10 13:05:37,1058.65,306.44,1.026,realtime,
2026-07-10 13:05:38,1035.52,293.74,0.945,realtime,
2026-07-10 13:05:39,1011.9,272.72,0.884,realtime,
2026-07-10 13:05:40,987.06,257.82,0.753,realtime,
2026-07-10 13:05:41,974.0,244.46,0.768,realtime,风温偏低，建议检查热风炉并提高燃烧强度
2026-07-10 13:05:42,965.6,240.12,0.72,realtime,风温偏低，建议检查热风炉并提高燃烧强度
2026-07-10 13:05:43,974.6,243.72,0.676,realtime,风温偏低，建议检查热风炉并提高燃烧强度
2026-07-10 13:05:44,987.31,249.47,0.736,realtime,
2026-07-10 13:05:45,998.15,260.43,0.76,realtime,
2026-07-10 13:05:46,1018.49,271.46,0.871,realtime,
2026-07-10 13:05:47,1042.57,294.94,0.991,realtime,
2026-07-10 13:05:48,1071.84,314.96,1.01,realtime,
2026-07-10 13:05:49,1097.95,331.58,1.156,realtime,
2026-07-10 13:05:50,1104.38,344.33,1.205,realtime,
2026-07-10 13:05:51,1117.29,353.99,1.265,realtime,
2026-07-10 13:05:52,1125.15,359.46,1.336,realtime,
2026-07-10 13:05:53,1127.02,359.5,1.325,realtime,炉压持续偏高，建议适当下调风压操作
2026-07-10 13:05:54,1116.3,348.66,1.252,realtime,
2026-07-10 13:05:55,1099.16,337.38,1.231,realtime,
2026-07-10 13:05:56,1077.21,321.84,1.178,realtime,
2026-07-10 13:05:57,1062.6,304.56,1.037,realtime,
2026-07-10 13:05:58,1021.36,287.82,0.948,realtime,
2026-07-10 13:05:59,1014.27,274.97,0.865,realtime,
2026-07-10 13:06:00,990.16,251.98,0.73,realtime,
2026-07-10 13:06:01,969.36,243.93,0.763,realtime,风温偏低，建议检查热风炉并提高燃烧强度
2026-07-10 13:06:02,974.23,240.89,0.713,realtime,风温偏低，建议检查热风炉并提高燃烧强度
2026-07-10 13:06:03,975.25,242.03,0.746,realtime,风温偏低，建议检查热风炉并提高燃烧强度
2026-07-10 13:06:04,980.03,246.93,0.754,realtime,
2026-07-10 13:06:05,989.55,262.81,0.79,realtime,
2026-07-10 13:06:06,1020.62,278.28,0.911,realtime,
2026-07-10 13:06:07,1038.98,295.57,0.941,realtime,
2026-07-10 13:06:08,1069.56,312.98,1.147,realtime,
2026-07-10 13:06:09,1093.48,333.5,1.181,realtime,
2026-07-10 13:06:10,1104.29,348.82,1.22,realtime,
2026-07-10 13:06:11,1118.21,356.4,1.285,realtime,
2026-07-10 13:06:12,1126.1,357.85,1.285,realtime,
2026-07-10 13:06:13,1131.36,356.78,1.272,realtime,炉压持续偏高，建议适当下调风压操作
2026-07-10 13:06:14,1123.88,351.89,1.257,realtime,炉压持续偏高，建议适当下调风压操作
2026-07-10 13:06:15,1096.4,340.57,1.19,realtime,
2026-07-10 13:06:16,1068.67,327.06,1.138,realtime,
2026-07-10 13:06:17,1057.71,303.03,1.011,realtime,
2026-07-10 13:06:18,1030.63,280.04,0.902,realtime,
2026-07-10 13:06:19,1003.4,266.7,0.834,realtime,
2026-07-10 13:06:20,993.43,256.75,0.76,realtime,
2026-07-10 13:06:21,969.64,244.18,0.714,realtime,风温偏低，建议检查热风炉并提高燃烧强度
2026-07-10 13:06:22,970.03,242.33,0.762,realtime,风温偏低，建议检查热风炉并提高燃烧强度
2026-07-10 13:06:23,974.43,240.61,0.68,realtime,风温偏低，建议检查热风炉并提高燃烧强度
2026-07-10 13:06:24,983.16,252.85,0.722,realtime,
2026-07-10 13:06:25,999.31,267.37,0.785,realtime,
2026-07-10 13:06:26,1020.55,279.05,0.855,realtime,
2026-07-10 13:06:27,1050.72,290.95,0.95,realtime,
2026-07-10 13:06:28,1066.1,314.69,1.064,realtime,
2026-07-10 13:06:29,1100.86,325.32,1.135,realtime,
2026-07-10 13:06:30,1116.12,346.43,1.253,realtime,
2026-07-10 13:06:31,1122.43,353.93,1.234,realtime,
2026-07-10 13:06:32,1117.47,355.95,1.273,realtime,
2026-07-10 13:06:33,1130.69,357.5,1.27,realtime,炉压持续偏高，建议适当下调风压操作
2026-07-10 13:06:34,1119.91,351.64,1.265,realtime,炉压持续偏高，建议适当下调风压操作
2026-07-10 13:06:35,1102.29,339.04,1.189,realtime,
2026-07-10 13:06:36,1073.36,321.65,1.09,realtime,
2026-07-10 13:06:37,1051.41,305.1,1.011,realtime,
2026-07-10 13:06:38,1034.57,283.88,0.938,realtime,
2026-07-10 13:06:39,1001.5,259.67,0.855,realtime,
2026-07-10 13:06:40,987.41,253.18,0.825,realtime,
2026-07-10 13:06:41,977.92,238.88,0.669,realtime,风温偏低，建议检查热风炉并提高燃烧强度
2026-07-10 13:06:42,971.22,238.8,0.732,realtime,风温偏低，建议检查热风炉并提高燃烧强度
2026-07-10 13:06:43,979.59,245.12,0.725,realtime,风温偏低，建议检查热风炉并提高燃烧强度
2026-07-10 13:06:44,986.43,252.54,0.712,realtime,
2026-07-10 13:06:45,1005.68,258.45,0.802,realtime,
2026-07-10 13:06:46,1021.81,279.64,0.887,realtime,
2026-07-10 13:06:47,1039.81,297.79,0.963,realtime,
2026-07-10 13:06:48,1077.09,315.97,1.077,realtime,
2026-07-10 13:06:49,1090.35,328.65,1.148,realtime,
2026-07-10 13:06:50,1112.99,348.62,1.266,realtime,
2026-07-10 13:06:51,1126.49,355.57,1.284,realtime,
2026-07-10 13:06:52,1135.37,361.09,1.272,realtime,
2026-07-10 13:06:53,1118.38,357.0,1.339,realtime,炉压持续偏高，建议适当下调风压操作
2026-07-10 13:06:54,1123.52,347.94,1.225,realtime,
2026-07-10 13:06:55,1102.04,332.85,1.216,realtime,
2026-07-10 13:06:56,1080.98,319.56,1.107,realtime,
2026-07-10 13:06:57,1050.42,306.17,1.022,realtime,
2026-07-10 13:06:58,1030.33,277.7,0.941,realtime,
2026-07-10 13:06:59,1008.61,259.34,0.803,realtime,
2026-07-10 13:07:00,990.07,248.38,0.795,realtime,
2026-07-10 13:07:01,976.73,242.87,0.709,realtime,风温偏低，建议检查热风炉并提高燃烧强度
2026-07-10 13:07:02,973.65,240.74,0.662,realtime,风温偏低，建议检查热风炉并提高燃烧强度
2026-07-10 13:07:03,960.56,240.93,0.689,realtime,风温偏低，建议检查热风炉并提高燃烧强度
2026-07-10 13:07:04,980.4,248.29,0.752,realtime,
2026-07-10 13:07:05,993.48,262.98,0.804,realtime,
2026-07-10 13:07:06,1028.63,280.78,0.834,realtime,
2026-07-10 13:07:07,1055.4,298.37,0.996,realtime,
2026-07-10 13:07:08,1080.21,322.92,1.035,realtime,
2026-07-10 13:07:09,1100.81,331.74,1.186,realtime,
2026-07-10 13:07:10,1118.02,349.37,1.256,realtime,
2026-07-10 13:07:11,1130.47,362.34,1.291,realtime,
2026-07-10 13:07:12,1126.2,359.95,1.287,realtime,
2026-07-10 13:07:13,1120.62,363.0,1.308,realtime,炉压持续偏高，建议适当下调风压操作
2026-07-10 13:07:14,1117.22,350.92,1.233,realtime,炉压持续偏高，建议适当下调风压操作
2026-07-10 13:07:15,1101.49,332.82,1.156,realtime,
2026-07-10 13:07:16,1077.26,325.51,1.099,realtime,
2026-07-10 13:07:17,1046.48,297.06,0.965,realtime,
2026-07-10 13:07:18,1019.09,277.12,0.882,realtime,
2026-07-10 13:07:19,997.53,265.43,0.815,realtime,
2026-07-10 13:07:20,990.69,255.91,0.744,realtime,
2026-07-10 13:07:21,972.31,247.48,0.775,realtime,风温偏低，建议检查热风炉并提高燃烧强度
2026-07-10 13:07:22,973.53,247.15,0.721,realtime,风温偏低，建议检查热风炉并提高燃烧强度
2026-07-10 13:07:23,974.26,239.62,0.657,realtime,风温偏低，建议检查热风炉并提高燃烧强度
2026-07-10 13:07:24,990.22,256.83,0.769,realtime,
2026-07-10 13:07:25,1014.55,263.26,0.812,realtime,
2026-07-10 13:07:26,1030.42,276.39,0.884,realtime,
2026-07-10 13:07:27,1050.98,303.03,0.945,realtime,
2026-07-10 13:07:28,1074.76,322.12,1.08,realtime,
2026-07-10 13:07:29,1093.02,332.88,1.184,realtime,
2026-07-10 13:07:30,1120.43,345.65,1.214,realtime,
2026-07-10 13:07:31,1127.03,356.27,1.279,realtime,
2026-07-10 13:07:32,1133.33,364.67,1.301,realtime,
2026-07-10 13:07:33,1125.52,353.35,1.282,realtime,炉压持续偏高，建议适当下调风压操作
2026-07-10 13:07:34,1114.88,350.0,1.23,realtime,
2026-07-10 13:07:35,1097.28,337.69,1.184,realtime,
2026-07-10 13:07:36,1071.95,313.49,1.054,realtime,
2026-07-10 13:07:37,1044.17,290.74,0.963,realtime,
2026-07-10 13:07:38,1028.63,281.1,0.861,realtime,
2026-07-10 13:07:39,1002.55,267.72,0.842,realtime,
2026-07-10 13:07:40,985.92,251.14,0.713,realtime,
2026-07-10 13:07:42,971.72,242.21,0.695,realtime,风温偏低，建议检查热风炉并提高燃烧强度
2026-07-10 13:07:43,965.67,236.84,0.68,realtime,风温偏低，建议检查热风炉并提高燃烧强度
2026-07-10 13:07:44,969.84,254.35,0.721,realtime,风温偏低，建议检查热风炉并提高燃烧强度
2026-07-10 13:07:45,986.94,254.09,0.743,realtime,
2026-07-10 13:07:46,1008.26,264.73,0.86,realtime,
2026-07-10 13:07:47,1036.08,282.66,0.93,realtime,
2026-07-10 13:07:48,1058.53,304.03,1.008,realtime,
2026-07-10 13:07:49,1089.21,320.18,1.154,realtime,
2026-07-10 13:07:50,1098.34,330.9,1.228,realtime,
2026-07-10 13:07:51,1116.19,349.91,1.267,realtime,
2026-07-10 13:07:52,1126.48,361.43,1.265,realtime,
2026-07-10 13:07:53,1129.58,359.81,1.258,realtime,
2026-07-10 13:07:54,1125.39,357.14,1.306,realtime,炉压持续偏高，建议适当下调风压操作
2026-07-10 13:07:55,1111.27,345.9,1.27,realtime,
2026-07-10 13:07:56,1089.48,333.52,1.216,realtime,
2026-07-10 13:07:57,1067.96,317.25,1.109,realtime,
